boystownUSA,30,5,3/31/20 9:30 AM,1
Vpipe21,30,6,3/31/20 9:39 AM,3
Individual: th2718,30,1,3/31/20 9:48 AM,8
gamers,30,2,3/31/20 9:52 AM,10
Individual: yrm2106,30,1,3/31/20 10:01 AM,11
Individual: mic2136,30,1,3/31/20 10:05 AM,13
Individual: asp2199,30,1,3/31/20 10:09 AM,14
Housing2020,30,6,3/31/20 10:13 AM,15
ajust2021,30,5,3/31/20 10:22 AM,17
SEAS Pastry,30,4,3/31/20 10:31 AM,21
Individual: lc3270,30,1,3/31/20 10:40 AM,22
Individual: yw3472,30,1,3/31/20 10:44 AM,26
TITAN!,30,5,3/31/20 10:48 AM,28
EC Suite,30,2,3/31/20 10:57 AM,29
Avilucho,30,2,3/31/20 11:06 AM,30
SuiteLife,30,6,3/31/20 11:15 AM,33
RAMMMY,30,2,3/31/20 11:24 AM,34
Individual: jj2816,30,1,3/31/20 11:33 AM,35
Jazz Bous,30,5,3/31/20 11:37 AM,37
Individual: bw2550,30,1,3/31/20 11:46 AM,38
jjsforever,30,2,3/31/20 11:50 AM,41
Banana,30,6,3/31/20 11:59 AM,42
Individual: jal2305,30,1,3/31/20 12:08 PM,43
DidYouRunItWithValgrin,,,,
d,30,4,3/31/20 12:12 PM,47
Sorority Seniors,30,10,3/31/20 12:21 PM,52
Individual: imf2118,30,1,3/31/20 12:30 PM,54
Shells,30,2,3/31/20 12:34 PM,57
Individual: bmr2153,30,1,3/31/20 12:43 PM,58
Individual: jac2391,30,1,3/31/20 12:47 PM,59
weissambrocio,30,2,3/31/20 12:51 PM,63
Individual: rdp2127,30,1,3/31/20 1:00 PM,64
Nicole and Caroline,30,2,3/31/20 1:04 PM,65
TEAM ND,30,6,3/31/20 1:13 PM,68
weareold,30,5,3/31/20 1:22 PM,69
Individual: dll2136,30,1,3/31/20 1:31 PM,70
the brownies,30,4,3/31/20 1:35 PM,73
Papist Pad,30,2,3/31/20 1:44 PM,77
Individual: lsc2157,30,1,3/31/20 1:53 PM,78
Ruffleshehe,30,5,3/31/20 1:57 PM,79
beta fish fight club,30,5,3/31/20 2:06 PM,80
Brothas of John Jay,30,3,3/31/20 2:15 PM,82
wushuplusone,30,4,3/31/20 2:24 PM,84
goodhousingnumber,30,2,3/31/20 2:3PM,85
Individual: emm2293,30,1,3/31/20 2:42 PM,86
tik tok hype house,30,6,3/31/20 2:46 PM,87
Individual: sr3460,30,1,3/31/20 2:55 PM,89
bum bum tam tam,30,2,3/31/20 2:59 PM,90
townhousebabes,30,6,3/31/20 3:08 PM,94
PPPPC,30,6,3/31/20 3:17 PM,97
abrett,30,2,3/31/20 3:26 PM,100
Martineli Baller,,,,
Getacastro EC BOYZ,30,6,3/31/20 3:35 PM,110
Individual: ccb2167,30,1,3/31/20 3:44 PM,113
YEETSenioRYear,30,2,3/31/20 3:48 PM,114
Individual: ncp2132,30,1,3/31/20 3:57 PM,115
Individual: ojk2107,30,1,3/31/20 4:01 PM,118
Individual: az2492,30,1,3/31/20 4:05 PM,122
Individual: sy2642,30,1,3/31/20 4:09 PM,124
hello,30,2,3/31/20 4:13 PM,125
CJDBC,30,5,3/31/20 4:22 PM,126
benanddiana,30,2,4/1/20 9:00 AM,127
Individual: img2137,30,1,4/1/20 9:09 AM,130
Individual: rj2518,30,1,4/1/20 9:13 AM,132
Individual: jmb2414,30,1,4/1/20 9:17 AM,133
Day 1s,30,4,4/1/20 9:21 AM,134
Individual: mjv2143,30,1,4/1/20 9:30 AM,136
MolotovRibbentrop,30,2,4/1/20 9:34 AM,143
Toshiba EM925A5A-SS,,,,
Microwave Oven with,,,,
ECO Mode,30,4,4/1/20 9:43 AM,144
Individual: nja2135,30,1,4/1/20 9:52 AM,145
404NotFound,30,2,4/1/20 9:56 AM,146
Gay_4_Lykke,30,2,4/1/20 10:05 AM,148
Individual: WITHHELD,30,1,4/1/20 10:14 AM,149
HousingGroup,30,6,4/1/20 10:18 AM,150
THE BEST HOUSING,,,,
GROUP EVER,30,6,4/1/20 10:27 AM,156
Abu Calypse,30,4,4/1/20 10:36 AM,158
squad,30,4,4/1/20 10:45 AM,161
BeeKnee,30,7,4/1/20 10:54 AM,162
BaddiesOfEC,30,10,4/1/20 11:03 AM,163
thehunted,30,2,4/1/20 11:12 AM,164
Individual: mnc2136,30,1,4/1/20 11:21 AM,167
Fancy Feast,30,5,4/1/20 11:25 AM,168
Vive la EC,30,6,4/1/20 11:34 AM,170
Wherever's Finest,30,6,4/1/20 11: AM,181
Just not broadway again,30,6,4/1/20 11:52 AM,183
Guillelee,30,2,4/1/20 12:01 PM,184
cupcakering,30,10,4/1/20 12:10 PM,185
Felix John,30,2,4/1/20 12:19 PM,186
Individual: og2215,30,1,4/1/20 12:28 PM,191
Ivy&Cat,30,2,4/1/20 12:32 PM,192
claudia and salome,30,2,4/1/20 12:41 PM,194
Michael Jason Justin,30,3,4/1/20 12:50 PM,195
Individual: cml2233,30,1,4/1/20 12:59 PM,200
Rock Lamp,30,5,4/1/20 1:03 PM,201
SephardiPragmatism,30,6,4/1/20 1:12 PM,203
GLLLTBOW,30,6,4/1/20 1:21 PM,210
C&R Homely Suite,30,2,4/1/20 1:30 PM,214
Zamaan so far,30,2,4/1/20 1:39 PM,216
BoolerBoys,30,2,4/1/20 1:48 PM,217
Saltshaker,30,4,4/1/20 1:57 PM,221
koolkidsklub,30,4,4/1/20 2:06 PM,222
Individual: ajp2240,30,1,4/1/20 2:15 PM,226
Meyers-Matos,30,2,4/1/20 2:19 PM,228
Individual: dp3039,30,1,4/1/20 2:28 PM,229
housingpals,30,4,4/1/20 2:32 PM,230
Individual: jb4083,30,1,4/1/20 2:41 PM,235
Barbz,30,7,4/1/20 2:45 PM,236
FrumFive,30,5,4/1/20 2:54 PM,237
BABES666,30,2,4/1/20 3:03 PM,238
Individual: zf2240,30,1,4/1/20 3:12 PM,239
Old Pickles,30,5,4/1/20 3:16 PM,243
FoxGroup,30,2,4/1/20 3:25 PM,245
Pops Suite 2020,30,6,4/1/20 3:34 PM,249
Stick,30,2,4/1/20 3:43 PM,251
Individual: vh2279,30,1,4/1/20 3:52 PM,254
Beatles,30,3,4/1/20 3:56 PM,256
Starr and Naomi,30,2,4/1/20 4:05 PM,258
sangio-ho,30,2,4/1/20 4:14 PM,259
jord+soph,30,2,4/1/20 4:23 PM,261
Individual: ep2979,30,1,4/2/20 9:00 AM,262
froggy chair,30,10,4/2/20 9:04 AM,264
Minqi & Eva,30,2,4/2/20 9:13 AM,265
Platano,30,6,4/2/20 9:22 AM,266
Boofy,30,2,4/2/20 9:31 AM,268
Individual: aw3067,30,1,4/2/20 9:40 AM,269
Individual: app2147,30,1,4/2/20 9:44 AM,1
Individual: sc3999,30,1,4/2/20 9:48 AM,276
Lions Baseball 2021,30,6,4/2/20 9:52 AM,277
Diana_Jos,30,2,4/2/20 10:01 AM,282
HQYZZ,30,5,4/2/20 10:10 AM,283
Individual: mbb2173,30,1,4/2/20 10:19 AM,285
ihatemidterms,30,2,4/2/20 10:23 AM,286
Lions2021,30,5,4/2/20 10:32 AM,288
Matt&William,30,2,4/2/20 10:41 AM,289
Individual: aep2189,30,1,4/2/20 10:50 AM,291
Mondog,30,2,4/2/20 10:54 AM,292
signu21,30,6,4/2/20 11:03 AM,293
Big Chungus,30,2,4/2/20 11:12 AM,295
Hogan7Gurls,30,4,4/2/20 11:21 AM,299
N+R Double,30,2,4/2/20 11:30 AM,301
Groupies,30,2,4/2/20 11:39 AM,302
Since 2017,30,2,4/2/20 11:48 AM,306
Rainbow Bagels,30,2,4/2/20 11:57 AM,307
Best Group Ever,30,5,4/2/20 12:06 PM,309
Individual: ap3801,30,1,4/2/20 12:15 PM,316
Turkey Sandwich,30,6,4/2/20 12:19 PM,317
Individual: xw2523,30,1,4/2/20 12:28 PM,318
KJisthebest,30,6,4/2/20 12:32 PM,321
banana2020,30,3,4/2/20 12:41 PM,326
Individual: mhw2147,30,1,4/2/20 12:50 PM,328
Individual: cl3644,30,1,4/2/20 12:54 PM,330
Individual: kyz2003,30,1,4/2/20 12:58 PM,331
Individual: amg2385,30,1,4/2/20 1:02 PM,332
The Duke and Duchess,,,,
of Sussex,30,2,4/2/20 1:06 PM,334
Super Smash Bros,30,2,4/2/20 1:15 PM,337
Seniordreamlife,30,4,4/2/20 1:24 PM,340
andymarygroup,30,2,4/2/20 1:33 PM,342
Individual: faa2158,30,1,4/2/20 1:42 PM,365
Individual: lg2821,30,1,4/2/20 1:46 PM,366
Individual: wl2687,30,1,4/2/20 1:50 PM,368
Individual: jl4815,30,1,4/2/20 1:54 PM,369
Individual: bw2552,30,1,4/2/20 1:58 PM,370
Individual: meb2293,30,1,4/2/20 2:02 PM,378
The Good Boys,30,2,4/2/20 2:06 PM,379
Individual: bm2971,30,1,4/2/20 2:15 PM,381
Individual: mgd2140,30,1,4/2/20 2:19 PM,383
cupcakeluvr,30,7,4/2/20 2:23 PM,389
HOUSING SQUAD,30,5,4/2/20 2:32 PM , 393
WattPlz,30,2,4/2/20 2:41 PM,399
Individual: azm2109,30,1,4/2/20 2:50 PM,403
Individual: so2520,30,1,4/2/20 2:54 PM,405
Tanya and Ana,30,2,4/2/20 2:58 PM,406
Individual: acf2171,30,1,4/2/20 3:07 PM,407
Sweet M8tes,30,4,4/2/20 3:11 PM,408
M-416,30,2,4/2/20 3:20 PM,414
Spongebob & Patrick,30,2,4/2/20 3:29 PM,419
Individual: gaw2133,30,1,4/2/20 3:38 PM,421
notsnakes,30,4,4/2/20 3:42 PM,426
jracdcmk,30,4,4/2/20 3:51 PM,431
Individual: rag2194,30,1,4/2/20 4:00 PM,432
Individual: cc4179,30,1,4/2/20 4:04 PM,436
covid20,30,5,4/2/20 4:08 PM,441
sexy six,30,6,4/2/20 4:17 PM,445
Individual: lal2172,30,1,4/2/20 4:26 PM,448
Marvel Crew,30,5,4/3/20 9:00 AM,449
Individual: ntm2123,30,1,4/3/20 9:09 AM,454
Ansaf2.0,30,2,4/3/20 9:13 AM,456
Gupta Sisters,30,2,4/3/20 9:22 AM,470
thesuitelife,30,6,4/3/20 9:31 AM,474
Individual: ceb2234,30,1,4/3/20 9:40 AM,477
Individual: tm2912,30,1,4/3/20 9:44 AM,478
ecseniorswefreakingrock,30,10,4/3/20 9:48 AM,480
Individual: tz2450,30,1,4/3/20 9:57 AM,486
813 Boys,30,4,4/3/20 10:01 AM,487
Individual: xl2706,30,1,4/3/20 10:10 AM,492
Individual: do2312,30,1,4/3/20 10:14 AM,493
MartinLeopold,30,2,4/3/20 10:18 AM,496
Suite Life,30,5,4/3/20 10:27 AM,497
Individual: tod2102,30,1,4/3/20 10:36 AM,501
Chef Mike,30,5,4/3/20 10:40 AM,502
Individual: mwm2164,30,1,4/3/20 10:49 AM,503
SWEET SUITE,30,5,4/3/20 10:53 AM,504
fuzzywalnuts,30,6,4/3/20 11:02 AM,505
The Band of The Hawk,30,5,4/3/20 11:11 AM,509
eastcampus1206,30,2,4/3/20 11:20 AM,511
Queens21,30,5,4/3/20 11:29 AM,514
Individual: jth2165,30,1,4/3/20 11:38 AM,518
Individual: nhh2112,30,1,4/3/20 11:42 AM,521
happyhotwuhan,30,7,4/3/20 11:46 AM,522
sugonda,30,6,4/3/20 11:55 AM,5
Individual: jwk2139,30,1,4/3/20 12:04 PM,527
ladiez,30,3,4/3/20 12:08 PM,529
Pret a Manger,30,5,4/3/20 12:17 PM,531
Individual: mo2769,30,1,4/3/20 12:26 PM,534
indigibabes,30,2,4/3/20 12:30 PM,535
Sunny's Biatches,30,6,4/3/20 12:39 PM,536
Individual: sab2336,30,1,4/3/20 12:48 PM,538
Individual: sm4254,30,1,4/3/20 12:52 PM,540
NotSchapiro,30,6,4/3/20 12:56 PM,545
Individual: jav2180,30,1,4/3/20 1:05 PM,546
Chicken Wings,30,5,4/3/20 1:09 PM,547
Individual: zrf2102,30,1,4/3/20 1:18 PM,549
harmony2.0,30,6,4/3/20 1:22 PM,551
Individual: js5601,30,1,4/3/20 1:31 PM,552
Jason Momoa Fan Club,30,10,4/3/20 1:35 PM,553
Tamers,30,2,4/3/20 1:44 PM,554
Individual: ch3418,30,1,4/3/20 1:53 PM,556
Individual: yz3780,30,1,4/3/20 1:57 PM,562
Individual: ms4911,30,1,4/3/20 2:01 PM,563
Individual: jj2929,30,1,4/3/20 2:05 PM,567
mushuin4ec,30,10,4/3/20 2:09 PM,570
Individual: ims2152,30,1,4/3/20 2:18 PM,576
Individual: skh2150,30,1,4/3/20 2:22 PM,578
kweens,30,4,4/3/20 2:26 PM,579
Irissifer,30,2,4/3/20 2:35 PM,581
Hajar + Hifza,30,2,4/3/20 2:44 PM,585
Housing Group 2020,30,4,4/3/20 2:53 PM,587
JLG1110,30,2,4/3/20 3:02 PM,590
Vivienne's residents,30,5,4/3/20 3:11 PM,592
Hot Thots,30,5,4/3/20 3:20 PM,598
Individual: mt3076,30,1,4/3/20 3:29 PM,600
Individual: egm2149,30,1,4/3/20 3:33 PM,604
Wattever,30,2,4/3/20 3:37 PM,610
Individual: cum2102,30,1,4/3/20 3:46 PM,611
idunnoman,30,6,4/3/20 3:50 PM,614
Individual: jah2296,30,1,4/3/20 3:59 PM,615
Hogan Gs,30,4,4/3/20 4:03 PM,616
the gays,30,6,4/3/20 4:12 PM,618
Individual: ml4056,30,1,4/3/20 4:21 PM,623
Individual: nk2878,30,1,4/3/20 4:25 PM,624
Riri and Jules,30,2,4/6/20 9:00 AM,631
Individual: jth2160,30,1,4/6/20 9:09M,632
JTSS'21,30,4,4/6/20 9:13 AM,633
MichelinMen,30,2,4/6/20 9:22 AM,637
Senior Housing!,30,6,4/6/20 9:31 AM,638
Individual: os2317,30,1,4/6/20 9:40 AM,640
eurasians,30,2,4/6/20 9:44 AM,642
peanutbutter,30,2,4/6/20 9:53 AM,644
Commitment,30,5,4/6/20 10:02 AM,645
Individual: pmt2117,30,1,4/6/20 10:11 AM,648
Individual: al3860,30,1,4/6/20 10:15 AM,652
Owen is GLAD,30,4,4/6/20 10:19 AM,654
Individual: ncz2103,30,1,4/6/20 10:28 AM,655
PainAuChocolat,30,5,4/6/20 10:32 AM,656
Individual: tdk2117,30,1,4/6/20 10:41 AM,657
Individual: sj2938,30,1,4/6/20 10:45 AM,658
Individual: mt3410,30,1,4/6/20 10:49 AM,659
Sad Asian Docks,30,2,4/6/20 10:53 AM,661
Xixixi,30,4,4/6/20 11:02 AM,662
Individual: jz2903,30,1,4/6/20 11:11 AM,666
Individual: kh2868,30,1,4/6/20 11:15 AM,667
GORLIES SENIOR,,,,
YEAR,30,5,4/6/20 11:19 AM,668
Individual: jtl2169,30,1,4/6/20 11:28 AM,672
CrossVolley,30,6,4/6/20 11:32 AM,674
swagciti,30,6,4/6/20 11:41 AM,677
Gonzalez's Pad,30,2,4/6/20 11:50 AM,679
Individual: mmm2404,30,1,4/6/20 11:59 AM,682
seniorhousing2020,30,4,4/6/20 12:03 PM,685
3-2 G G,30,6,4/6/20 12:12 PM,686
Sera1,30,2,4/6/20 12:21 PM,688
Individual: zl2610,30,1,4/6/20 12:30 PM,691
Individual: oaw2105,30,1,4/6/20 12:34 PM,692
"Started from the LLC,",,,,
Now We're Here,30,4,4/6/20 12:38 PM,697
ClownCamp,30,10,4/6/20 12:47 PM,698
No Science Allowed,30,5,4/6/20 12:56 PM,700
rushing,30,6,4/6/20 1:05 PM,702
Texas A&M,30,2,4/6/20 1:14 PM,703
ec2020,30,5,4/6/20 1:23 PM,706
Individual: nmj2120,30,1,4/6/20 1:32 PM,708
The gang,30,4,4/6/20 1:36 PM,710
Individual: oeb2108,30,1,4/6/20 1:45 PM,713
the yuttas,30,6,4/6/20 1:49 PM,714
convent living,30,4,4/6/20 1:58 ,715
townhouse21,30,4,4/6/20 2:07 PM,716
Individual: jl5016,30,1,4/6/20 2:16 PM,719
Individual: sk4110,30,1,4/6/20 2:20 PM,723
Theta x CU GEN,30,8,4/6/20 2:24 PM,725
thelads,30,4,4/6/20 2:33 PM,726
Individual: yc3384,30,1,4/6/20 2:42 PM,728
anna and charlie,30,2,4/6/20 2:46 PM,732
Individual: mvp2131,30,1,4/6/20 2:55 PM,733
Cam is our cleaning lady,,,,
2020,30,6,4/6/20 2:59 PM,736
Individual: hif2105,30,1,4/6/20 3:08 PM,737
Individual: poa2104,30,1,4/6/20 3:12 PM,738
Ahad-Noah,30,2,4/6/20 3:16 PM,739
Chichous,30,2,4/6/20 3:25 PM,740
finallygraduating,30,4,4/6/20 3:34 PM,741
Individual: ecg2180,30,1,4/6/20 3:43 PM,744
dirtiest docker,30,2,4/6/20 3:47 PM,745
wokhardgivemetheruns,30,4,4/6/20 3:56 PM,748
Individual: jjm2245,30,1,4/6/20 4:05 PM,749
Individual: jc5349,30,1,4/6/20 4:09 PM,752
jlgmb,30,5,4/6/20 4:13 PM,753
4 boyz 1 suite,30,4,4/6/20 4:22 PM,754
Team Sungbin,30,6,4/7/20 9:00 AM,756
Individual: nnp2116,30,1,4/7/20 9:09 AM,757
Money Makers,30,2,4/7/20 9:13 AM,760
Individual: sp3583,30,1,4/7/20 9:22 AM,762
Individual: ad3470,30,1,4/7/20 9:26 AM,763
Individual: jrb2260,30,1,4/7/20 9:30 AM,765
neighborhood,30,10,4/7/20 9:34 AM,767
Chez Gay,30,2,4/7/20 9:43 AM,768
Individual: jmr2278,30,1,4/7/20 9:52 AM,770
Individual: jf3119,30,1,4/7/20 9:56 AM,772
CarmanToEC,30,6,4/7/20 10:00 AM,774
A&K2020,30,2,4/7/20 10:09 AM,775
Suite2021,30,4,4/7/20 10:18 AM,783
best group,30,2,4/7/20 10:27 AM,785
Physics Squad,30,10,4/7/20 10:36 AM,786
clairesfriends2020,30,6,4/7/20 10:45 AM,788
senioritis,30,6,4/7/20 10:54 AM,789
Individual: jar2313,30,1,4/7/20 11:03 AM,791
castle,30,6,4/7/20 11:07 AM,793
GiaRaneem,30,2,4/7/20 11:16 AM,796
Individual: ead2191,30,1,4/7/20 :25 AM,805
Individual: wvg2103,30,1,4/7/20 11:29 AM,807
Individual: jr3751,30,1,4/7/20 11:33 AM,808
Pooja'sGroupies,30,6,4/7/20 11:37 AM,809
Individual: sry2108,30,1,4/7/20 11:46 AM,818
Abelian(nonP)-Group,30,4,4/7/20 11:50 AM,821
gracekelly,30,2,4/7/20 11:59 AM,822
Individual: ms5511,30,1,4/7/20 12:08 PM,824
Individual: saw2218,30,1,4/7/20 12:12 PM,826
Henri's Group,30,6,4/7/20 12:16 PM,828
seniors99,30,6,4/7/20 12:25 PM,829
Individual: ayc2147,30,1,4/7/20 12:34 PM,831
The Boys,30,2,4/7/20 12:38 PM,832
Individual: lhl2131,30,1,4/7/20 12:47 PM,833
Individual: lr2755,30,1,4/7/20 12:51 PM,841
Individual: cr2961,30,1,4/7/20 12:55 PM,845
Individual: rsz2111,30,1,4/7/20 12:59 PM,847
Get EC,30,5,4/7/20 1:03 PM,849
Individual: thc2126,30,1,4/7/20 1:12 PM,854
punthaus,30,5,4/7/20 1:16 PM,855
palss,30,2,4/7/20 1:25 PM,856
Virginia,30,2,4/7/20 1:34 PM,857
,30,7,4/7/20 1:43 PM,860
Neo Furnald 6,30,6,4/7/20 1:52 PM,862
Individual: vjs2122,30,1,4/7/20 2:01 PM,864
Individual: mfv2110,30,1,4/7/20 2:05 PM,867
lacrosseseniors,30,6,4/7/20 2:09 PM,868
Individual: bb2763,30,1,4/7/20 2:18 PM,869
survey monkeys,30,6,4/7/20 2:22 PM,870
Soccer Boys,30,6,4/7/20 2:31 PM,871
shenanigans,30,6,4/7/20 2:40 PM,873
Team Rocket,30,4,4/7/20 2:49 PM,879
Group,30,2,4/7/20 2:58 PM,881
wattshouldournamebe,30,2,4/7/20 3:07 PM,886
Vibes,30,2,4/7/20 3:16 PM,888
The Pajeenors,30,9,4/7/20 3:25 PM,890
SeniorMD,30,2,4/7/20 3:34 PM,899
SingleSZN,30,2,4/7/20 3:43 PM,903
AdventureTime,30,3,4/7/20 3:52 PM,907
6 BBs in Thee Suite,30,6,4/7/20 4:01 PM,910
Individual: jth2166,30,1,4/7/20 4:10 PM,911
Individual: ew2574,30,1,4/7/20 4:14 PM,912
EC 2020,30,5,4/7/20 4:18 PM,9
Individual: clw2173,30,1,4/7/20 4:27 PM,916
Individual: amb2414,30,1,4/8/20 9:00 AM,918
Individual: jlj2173,30,1,4/8/20 9:04 AM,919
Individual: aad2187,30,1,4/8/20 9:08 AM,920
Individual: Mar2299,30,1,4/8/20 9:12 AM,922
Individual: kn2427,30,1,4/8/20 9:16 AM,924
gradient_descent,30,2,4/8/20 9:20 AM,925
Erica&Abi,30,2,4/8/20 9:29 AM,927
Individual: afa2135,30,1,4/8/20 9:38 AM,928
Haushaus,30,6,4/8/20 9:42 AM,930
Individual: sc4131,30,1,4/8/20 9:51 AM,931
wishforhogan,30,5,4/8/20 9:55 AM,932
Individual: ahs2174,30,1,4/8/20 10:04 AM,933
Individual: vwk2105,30,1,4/8/20 10:08 AM,938
EC 21!,30,6,4/8/20 10:12 AM,939
Andale,30,2,4/8/20 10:21 AM,940
Individual: aje2131,30,1,4/8/20 10:30 AM,941
Ed Smith Sucks,30,4,4/8/20 10:34 AM,942
Individual: an2817,30,1,4/8/20 10:43 AM,943
Kaystacks,30,6,4/8/20 10:47 AM,944
Tiputis,30,2,4/8/20 10:56 AM,947
Senior_Squad,30,6,4/8/20 11:05 AM,948
Individual: jj2936,30,1,4/8/20 11:14 AM,949
CapitalismBad,30,4,4/8/20 11:18 AM,952
Individual: dvt2102,30,1,4/8/20 11:27 AM,957
Mickey,30,4,4/8/20 11:31 AM,958
the lamp shop,30,5,4/8/20 11:40 AM,959
Individual: kr2752,30,1,4/8/20 11:49 AM,965
Subterra Gang,30,7,4/8/20 11:53 AM,968
Individual: ba2503,30,1,4/8/20 12:02 PM,973
daBestGroup,30,4,4/8/20 12:06 PM,975
koronets,30,2,4/8/20 12:15 PM,977
homeies,28.5714,7,4/8/20 1:24 PM,1032
basketballisfun,27.5,4,4/8/20 1:33 PM,1054
Riceball Dodgers,26,5,4/8/20 1:42 PM,1103
A lot of people,25,2,4/8/20 1:51 PM,1210
buddyolpal,25,2,4/8/20 2:00 PM,1214
lucasandyareli,25,2,4/8/20 2:09 PM,1227
AJ and Peter,25,2,4/8/20 2:18 PM,1230
Pizza passion,25,2,4/8/20 2:27 PM,1235
jrrl21,25,2,4/8/20 2:36 PM,1239
virginia slim girls,25,2,4/8/20 2:45 PM,1242
bad b****** get ec,25,2,4/8/20 2:54 PM,1243
Honey Garlic Chicken,,,,
Wings,25,2,4/8/20 3:03 PM,1263
Eggylicious,25,2,4/8/20 3:12 PM,1265
Woody,25,2,4/8/20 3:21 PM,1267
Avery and Skylar,25,2,4/8/20 3:30 PM,1270
Boufa,25,2,4/8/20 3:39 PM,1272
toni+zerui+jordan,23.3333,3,4/8/20 3:48 PM,1325
shivikalnat,23.3333,3,4/8/20 3:57 PM,1342
ripjhouse,22.8571,7,4/8/20 4:06 PM,1455
Vault and Syd,22.5,4,4/8/20 4:15 PM,1519
weareAAAA,22.5,4,4/13/20 9:00 AM,1548
Quattro Barzotti,22,5,4/13/20 9:09 AM,1612
MatAkDavDan,22,5,4/13/20 9:18 AM,1627
Fu Foundation,22,5,4/13/20 9:27 AM,1642
Housing Group 20_21,22,5,4/13/20 9:36 AM,1680
selloutsforjesus,22,5,4/13/20 9:45 AM,1692
Put Us In Watt Please,22,5,4/13/20 9:54 AM,1693
lebrons group,21.6666,6,4/13/20 10:03 AM,1726
Asians,21.6666,6,4/13/20 10:12 AM,1752
JUNIORSYEAH,21.25,8,4/13/20 10:21 AM,1801
strawberrymilktea,21.25,8,4/13/20 10:30 AM,1860
ca$ino royale,21,10,4/13/20 10:39 AM,1924
Housing1,21,10,4/13/20 10:48 AM,1934
Baseball 2020,21,10,4/13/20 10:57 AM,1938
Maddie and Emily,20,2,4/13/20 11:36 AM,2003
Individual: mhb2177,20,1,4/13/20 11:45 AM,2004
Individual: ipf2107,20,1,4/13/20 11:49 AM,2005
KBCBSDMR,20,4,4/13/20 11:53 AM,2006
Queenies,20,2,4/13/20 12:02 PM,2007
Shapiro706,20,2,4/13/20 12:11 PM,2008
Individual: jy2814,20,1,4/13/20 12:20 PM,2010
Individual: gad2144,20,1,4/13/20 12:24 PM,2017
Individual: md3713,20,1,4/13/20 12:28 PM,2018
Individual: jio2108,20,1,4/13/20 12:32 PM,2020
funhousing,20,2,4/13/20 12:36 PM,2023
ind_jan,20,2,4/13/20 12:45 PM,2027
Individual: jmc2375,20,1,4/13/20 12:54 PM,2030
Individual: jw3731,20,1,4/13/20 12:58 PM,2031
No KAP,20,3,4/13/20 1:02 PM,2032
Heckers,20,3,4/13/20 1:11 PM,2033
Individual: yc3209,20,1,4/13/20 1:20 PM,2034
Individual: mmd2232,20,1,4/13/20 1:24 PM,2035
FLAMMS,20,6,4/13/20 1:28 PM,2037
nextyearhousingms,20,2,4/13/20 1:37 PM,2038
Individual: sp3696,20,1,4/13/20 1:46 PM,2040
Individual: rab2268,20,1,4/13/20 1:50 PM,2043
minecraft gang,20,3,4/13/20 1:54 PM,2045
lifeoftheparty,20,4,4/13/20 2:03 PM,2047
Individual: ers2239,20,1,4/13/20 2:12 PM,2052
Individual: jd3519,20,1,4/13/20 2:16 PM,2054
Individual: skd2148,20,1,4/13/20 2:20 PM,2056
Leeheath,20,2,4/13/20 2:24 PM,2059
Individual: pjc2182,20,1,4/13/20 2:33 PM,2061
Individual: bs3248,20,1,4/13/20 2:37 PM,2066
JJ8Lads,20,8,4/13/20 2:41 PM,2068
Individual: smp2230,20,1,4/13/20 2:50 PM,2071
Individual: aso2126,20,1,4/13/20 2:54 PM,2076
Elyas' Group,20,9,4/13/20 2:58 PM,2080
Sally&Mei,20,2,4/13/20 3:07 PM,2081
TrackJuniors,20,8,4/13/20 3:16 PM,2084
HavingATalkBeforeHand,20,4,4/13/20 3:25 PM,2085
clarem,20,2,4/13/20 3:34 PM,2087
PleaseBigSingles,20,5,4/13/20 3:43 PM,2088
Individual: vi2146,20,1,4/13/20 3:52 PM,2089
Individual: mmz2122,20,1,4/13/20 3:56 PM,2090
Em Patrick Ava,20,5,4/13/20 4:00 PM,2091
OF2020,20,6,4/13/20 4:09 PM,2093
CUWS2022,20,7,4/13/20 4:18 PM,2094
Individual: bg2647,20,1,4/13/20 4:27 PM,2095
Individual: jg4055,20,1,4/14/20 9:00 AM,2096
Individual: ark2198,20,1,4/14/20 9:04 AM,2099
Individual: bbs2137,20,1,4/14/20 9:08 AM,2101
Individual: alg2241,20,1,4/14/20 9:12 AM,2107
Individual: jcd2219,20,1,4/14/20 9:16 AM,2108
Individual: jml2361,20,1,4/14/20 9:20 AM,2109
Individual: bv2269,20,1,4/14/20 9:24 AM,2112
BEST!,20,4,4/14/20 9:28 AM,2113
Bankstreetboys,20,2,4/14/20 9:37 AM,2115
groupname,20,4,4/14/20 9:46 AM,2118
Framonki,20,3,4/14/20 9:55 AM,2119
Individual: aeb2270,20,1,4/14/20 10:04 AM,2122
Individual: vat2123,20,1,4/14/20 10:08 AM,2125
Individual: bn2303,20,1,4/14/20 10:12 AM,2128
Individual: fa2506,20,1,4/14/20 10:16 AM,2129
Khyber and Sid,20,2,4/14/20 10:20 AM,2135
Individual: lns2143,20,1,4/14/20 10:29 AM,2136
goodNumberplz,20,4,4/14/20 10:33 AM,2137
Lions,20,6,4/14/20 10:42 AM,2138
Individual: ke2346,20,1,4/14/20 10:51 AM,2141
JJ6+Leanne,20,6,4/14/20 10:55 AM,2144
CUWBB22,20,5,4/14/20 11:04 AM,2145
Individual: cln2127,20,1,4/14/20 11:13 AM,2148
Individual: fc2608,20,1,4/14/20 11:17 AM,2157
jiaYOU,20,4,4/14/20 11:21 AM,2158
Winning Combo,20,4,4/14/20 11:30 AM,2159
Taiwan,20,4,4/14/20 11:39 AM,2165
lentil,20,6,4/14/20 11:48 AM,2168
Individual: mgv2119,20,1,4/14/20 11:57 AM,2170
MCBAIN7PART2,20,8,4/14/20 12:01 PM,2173
Negresses,20,4,4/14/20 12:10 PM,2180
Columbia Athletes 2022,20,4,4/14/20 12:19 PM,2181
Destiny's Toes,20,2,4/14/20 12:28 PM,2182
Individual: WITHHELD,20,1,4/14/20 12:37 PM,2192
Individual: jon2106,20,1,4/14/20 12:41 PM,2194
Individual: ew2629,20,1,4/14/20 12:45 PM,2197
Ligma Nu,20,8,4/14/20 12:49 PM,2199
Individual: km3542,20,1,4/14/20 12:58 PM,2200
Passion fruit Refresca,20,2,4/14/20 1:02 PM,2203
Individual: nmk2141,20,1,4/14/20 1:11 PM,2205
Ja(i)ne,20,2,4/14/20 1:15 PM,2206
Individual: jis2151,20,1,4/14/20 1:24 PM,2211
2022Savages,20,5,4/14/20 1:28 PM,2214
Sanders Sisters,20,4,4/14/20 1:37 PM,2215
Individual: rwt2116,20,1,4/14/20 1:46 PM,2218
Individual: ib2416,20,1,4/14/20 1:50 PM,2223
Individual: mrs2311,20,1,4/14/20 1:54 PM,2224
Makialyssa,20,3,4/14/20 1:58 PM,2231
jeal!,20,4,4/14/20 2:07 PM,2232
Individual: fp2390,20,1,4/14/20 2:16 PM,2233
SingleLadies,20,2,4/14/20 2:20 PM,2238
Individual: kcl2147,20,1,4/14/20 2:29 PM,2241
Individual: ss5659,20,1,4/14/20 2:33 PM,2244
Le Co-op,20,10,4/14/20 2:37 PM,2245
Individual: ab4743,20,1,4/14/20 2:46 PM,2251
Individual: bmb2193,20,1,4/14/20 2:50 PM,2253
Will's Group,20,6,4/14/20 2:54 PM,2256
Individual: yl4409,20,1,4/14/20 3:03 PM,2257
Les Amis,20,2,4/14/20 3:07 PM,2258
Individual: fic2102,20,1,4/14/20 3:16 PM,2264
Individual: mah2331,20,1,4/14/20 3:20 PM,2265
The Yids,20,8,4/14/20 3:24 PM,2266
Individual: ccg2151,20,1,4/14/20 3:33 PM,2268
ThaliaSam,20,2,4/14/20 3:37 PM,2270
Individual: ksc2145,20,1,4/14/20 3:46 PM,2271
Individual: xov2000,20,1,4/14/20 3:50 PM,2272
iggy's boyz,20,4,4/14/20 3:54 PM,2274
Individual: maz2134,20,1,4/14/20 4:03 PM,2278
Kelcie & Absara,20,2,4/14/20 4:07 PM,2281
Testing,20,9,4/14/20 4:16 PM,2283
Hamdel,20,4,4/17/20 9:00 AM,2286
Joining That,20,10,4/17/20 9:09 AM,2288
JennKatClaire,20,3,4/17/20 9:18 AM,2289
Individual: arj2145,20,1,4/17/20 9:27 AM,2291
Individual: hh2772,20,1,4/17/20 9:31 AM,2294
Individual: snt2127,20,1,4/17/20 9:35 AM,2299
littyasatitty,20,2,4/17/20 9:39 AM,2301
Individual: jmk2283,20,1,4/17/20 9:48 AM,2302
Individual: mzd2103,20,1,4/17/20 9:52 AM,2303
YEEZY,20,2,4/17/20 9:56 AM,2306
Individual: jmb2443,20,1,4/17/20 10:05 AM,2311
Haund Dog,20,8,4/17/20 10:09 AM,2320
michaeljanselfs,20,7,4/17/20 10:18 AM,2321
EastCampus,20,7,4/17/20 10:27 AM,2322
goldenegg2020,20,2,4/17/20 10:36 AM,2326
Individual: tt2717,20,1,4/17/20 10:45 AM,2327
Individual: rm3612,20,1,4/17/20 10:49 AM,2328
Individual: dt2632,20,1,4/17/20 10:53 AM,2329
mackiejackie,20,2,4/17/20 10:57 AM,2331
Individual: ms5992,20,1,4/17/20 11:06 AM,2332
Individual: asj2157,20,1,4/17/20 11:10 AM,2333
Individual: aor2110,20,1,4/17/20 11:14 AM,2334
Individual: ark2199,20,1,4/17/20 11:18 AM,2335
Individual: nca2130,20,1,4/17/20 11:22 AM,2336
malloc,20,2,4/17/20 11:26 AM,2337
Birdland,20,4,4/17/20 11:35 AM,2338
Individual: ejh2200,20,1,4/17/20 11:44 AM,2339
Individual: ga2536,20,1,4/17/20 11:48 AM,2340
Individual: mcy2114,20,1,4/17/20 11:52 AM,2342
Individual: tn2388,20,1,4/17/20 11:56 AM,2345
Individual: mk4317,20,1,4/17/20 12:00 PM,2347
Transfer Gang Gang,20,4,4/17/20 12:04 PM,2349
Fencing and Rowing,,,,
2020-2021,20,8,4/17/20 12:13 PM,2351
Individual: hir2105,20,1,4/17/20 12:22 PM,2353
sisepuede,20,9,4/17/20 12:26 PM,2355
Individual: knl2119,20,1,4/17/20 12:35 PM,2357
LemonPie,20,2,4/17/20 12:39 PM,2362
Individual: awy2110,20,1,4/17/20 12:48 PM,2366
Individual: jsk2239,20,1,4/17/20 12:52 PM,2367
Individual: mgc2160,20,1,4/17/20 12:56 PM,2370
Janet>Velvet Rope,20,2,4/17/20 1:00 PM,2371
The Big Wrenches,20,8,4/17/20 1:09 PM,2373
The Nophined,20,5,4/17/20 1:18 PM,2375
Individual: awb2138,20,1,4/17/20 1:27 PM,2377
Gayz in Rugz,20,8,4/17/20 1:31 PM,2379
halal tings,20,2,4/17/20 1:40 PM,2380
Home Suite Home,20,8,4/17/20 1:49 PM,2383
Best Suite 8Ever,20,8,4/17/20 1:58 PM,2384
Individual: emw2184,20,1,4/17/20 2:07 PM,2385
Individual: bph2121,20,1,4/17/20 2:11 PM,2386
Corona,20,8,4/17/20 2:15 PM,2387
Doritos Cheetos,20,6,4/17/20 2:24 PM,2389
KRNEMYC,20,8,4/17/20 2:33 PM,2390
Individual: cc4043,20,1,4/17/20 2:42 PM,2393
Individual: edw2142,20,1,4/17/20 2:46 PM,2396
Individual: jwk2140,20,1,4/17/20 2:50 PM,2397
Individual: wh2428,20,1,4/17/20 2:54 PM,2398
Individual: sz2803,20,1,4/17/20 2:58 PM,2400
U Got Me Trippin,20,2,4/17/20 3:02 PM,2402
Cookies,20,6,4/17/20 3:11 PM,2404
K&S Cookies,20,2,4/17/20 3:20 PM,2405
Individual: jsa2174,20,1,4/17/20 3:29 PM,2410
Individual: mp3581,20,1,4/17/20 3:33 PM,2414
Individual: ao2682,20,1,4/17/20 3:37 PM,2418
Individual: acp2207,20,1,4/17/20 3:41 PM,2420
Individual: ier2109,20,1,4/17/20 3:45 PM,2421
Get Schwifty,20,2,4/17/20 3:49 PM,2422
Full Time Flex,20,4,4/17/20 3:58 PM,2423
Individual: jpc2205,20,1,4/17/20 4:07 PM,2424
CatLadiesUnite,20,2,4/17/20 4:11 PM,2427
Individual: sas2415,20,1,4/17/20 4:20 PM,2430
MMM&A,20,4,4/17/20 4:24 PM,2434
Individual: bh2699,20,1,4/20/20 9:00 AM,2436
Me and Jess,20,2,4/20/20 9:04 AM,2438
Individual: aeo2143,20,1,4/20/20 9:13 AM,2444
Individual: ssm2223,20,1,4/20/20 9:17 AM,2449
Individual: bc2881,20,1,4/20/20 9:21 AM,2450
Individual: gtm2130,20,1,4/20/20 9:25 AM,2452
ratlicht,20,8,4/20/20 9:29 AM,2455
savannahandtalia,20,2,4/20/20 9:38 AM,2456
Individual: zmm2114,20,1,4/20/20 9:47 AM,2457
Individual: rp2917,20,1,4/20/20 9:51 AM,2460
Individual: dmr2200,20,1,4/20/20 9:55 AM,2462
Individual: mdg2193,20,1,4/20/20 9:59 AM,2463
marshmallow,20,2,4/20/20 10:03 AM,2466
MusicHum18,20,3,4/20/20 10:12 AM,2467
Individual: cj2576,20,1,4/20/20 10:21 AM,2468
Individual: idn2106,20,1,4/20/20 10:25 AM,2470
2-person suite please,20,2,4/20/20 10:29 AM,2471
Individual: arf2168,20,1,4/20/20 10:38 AM,2475
Individual: lld2131,20,1,4/20/20 10:42 AM,2479
Individual: sl4475,20,1,4/20/20 10:46 AM,2481
Individual: amr2311,20,1,4/20/20 10:50 AM,2484
Individual: hs2973,20,1,4/20/20 10:54 AM,2487
suitelifeoftrang+molly,20,2,4/20/20 10:58 AM,2488
Individual: st3210,20,1,4/20/20 11:07 AM,2490
Individual: zm2314,20,1,4/20/20 11:11 AM,2495
Individual: baa2153,20,1,4/20/20 11:15 AM,2496
big seas energy,20,2,4/20/20 11:19 AM,2497
yeehawyeet1,20,6,4/20/20 11:28 AM,2498
Jews Against Fidget,,,,
Spinners,20,4,4/20/20 11:37 AM,2502
Individual: emm2294,20,1,4/20/20 11:46 AM,2504
Individual: kia2103,20,1,4/20/20 11:50 AM,2507
Confirmation Kosher,,,,
Dining Plan D,20,2,4/20/20 11:54 AM,2513
Individual: dg3064,20,1,4/20/20 12:03 PM,2516
Individual: kk3305,20,1,4/20/20 12:07 PM,2520
river time,20,2,4/20/20 12:11 PM,2524
wrweinrich,20,2,4/20/20 12:20 PM,2525
Twins,20,10,4/20/20 12:29 PM,2528
Individual: ab4741,20,1,4/20/20 12:38 PM,2531
Individual: ifo2001,20,1,4/20/20 12:42 PM,2532
Individual: tef2123,20,1,4/20/20 12:46 PM,2534
ultimatehousing,20,8,4/20/20 12:50 PM,2536
Individual: dhb2137,20,1,4/20/20 12:59 PM,2537
Individual: ab4742,20,1,4/20/20 1:03 PM,2538
Individual: bja2135,20,1,4/20/20 1:07 PM,2543
Individual: rm3611,20,1,4/20/20 1:11 PM,2545
Arbys,20,2,4/20/20 1:15 PM,2548
WWWD!,20,6,4/20/20 1:24 PM,2550
Individual: jc5112,20,1,4/20/20 1:33 PM,2551
Individual: js5364,20,1,4/20/20 1:37 PM,2553
Noah's Ark,20,7,4/20/20 1:41 PM,2554
DeeJayEJ,20,3,4/20/20 1:50 PM,2555
Individual: iag2124,20,1,4/20/20 1:59 PM,2558
Individual: zi2115,20,1,4/20/20 2:03 PM,2564
Individual: ngz2101,20,1,4/20/20 2:07 PM,2567
Individual: dt2631,20,1,4/20/20 2:11 PM,2570
Individual: bwm2119,20,1,4/20/20 2:15 PM,2572
Individual: raf2199,20,1,4/20/20 2:19 PM,2577
Individual: fm2655,20,1,4/20/20 2:23 PM,2580
Fourth floor,20,4,4/20/20 2:27 PM,2583
Individual: anj2115,20,1,4/20/20 2:36 PM,2584
Individual: jl5592,20,1,4/20/20 2:40 PM,2586
ASCGLKRK,20,4,4/20/20 2:44 PM,2587
Individual: px2137,20,1,4/20/20 2:53 PM,2592
Individual: aah2198,20,1,4/20/20 2:57 PM,2596
Individual: ejf2170,20,1,4/20/20 3:01 PM,2597
Individual: dnd2122,20,1,4/20/20 3:05 PM,2600
Individual: sel2183,20,1,4/20/20 3:09 PM,2602
Individual: lrs2202,20,1,4/20/20 3:13 PM,2604
Individual: wl2751,20,1,4/20/20 3:17 PM,2605
Individual: kal2241,20,1,4/20/20 3:21 PM,2606
Individual: ikn2104,20,1,4/20/20 3:25 PM,2608
Individual: yg2626,20,1,4/20/20 3:29 PM,2609
A New Start,20,3,4/20/20 3:33 PM,2610
Kayab,20,2,4/20/20 3:42 PM,2615
Individual: gd2494,20,1,4/20/20 3:51 PM,2617
RugzTrapDen,20,6,4/20/20 3:55 PM,2621
Housing 2021,20,7,4/20/20 4:04 PM,2624
Individual: dhk2147,20,1,4/20/20 4:13 PM,2628
Individual: nsp2134,20,1,4/20/20 4:17 PM,2633
Individual: yj2489,20,1,4/20/20 4:21 PM,2637
Good Vibes Only,20,8,4/20/20 4:25 PM,2638
Individual: kmg2203,20,1,4/21/20 9:00 AM,2639
Individual: tgs2121,20,1,4/21/20 9:04 AM,2645
Individual: tc2964,20,1,4/21/20 9:08 AM,2646
Individual: cde2117,20,1,4/21/20 9:12 AM,2648
Individual: kp2803,20,1,4/21/20 9:16 AM,2652
Schneefert,20,2,4/21/20 9:20 AM,2654
Individual: nmb2177,20,1,4/21/20 9:29 AM,2655
Individual: lar2219,20,1,4/21/20 9:33 AM,2657
The Brooklyn House,20,5,4/21/20 9:37 AM,2664
matt and kelley,20,2,4/21/20 9:46 AM,2665
Individual: ham2159,20,1,4/21/20 9:55 AM,2669
Individual: bme2119,20,1,4/21/20 9:59 AM,2672
asjtx,20,4,4/21/20 10:03 AM,2673
dimsum2.0,20,6,4/21/20 10:12 AM,2674
Individual: jy3053,20,1,4/21/20 10:21 AM,2677
Individual: tjk2132,20,1,4/21/20 10:25 AM,2679
Individual: bi2163,20,1,4/21/20 10:29 AM,2685
Milk Gang,20,6,4/21/20 10:33 AM,2687
crrcrr,20,3,4/21/20 10:42 AM,2693
Individual: erm2159,20,1,4/21/20 10:51 AM,2695
Individual: cm3807,20,1,4/21/20 10:55 AM,2698
Individual: sr3577,20,1,4/21/20 10:59 AM,2699
Individual: bdi2102,20,1,4/21/20 11:03 AM,2701
Clean Frogs,20,2,4/21/20 11:07 AM,2703
Individual: ejs2221,20,1,4/21/20 11:16 AM,2705
wives,20,2,4/21/20 11:20 AM,2706
Individual: dm3410,20,1,4/21/20 11:29 AM,2709
alvin and the chipmunks,20,5,4/21/20 11:33 AM,2710
Rhombus,20,4,4/21/20 11:42 AM,2712
Senior Fam,20,4,4/21/20 11:51 AM,2714
Individual: hc2977,20,1,4/21/20 12:00 PM,2716
Individual: yz3328,20,1,4/21/20 12:04 PM,2721
Individual: kew2158,20,1,4/21/20 12:08 PM,2722
Individual: arb2270,20,1,4/21/20 12:12 PM,2727
Individual: jgd2148,20,1,4/21/20 12:16 PM,2728
hazmat,20,8,4/21/20 12:20 PM,2732
CUlag,20,5,4/21/20 12:29 PM,2735
Literally Spec,20,4,4/21/20 12:38 PM,2737
Individual: tlj2123,20,1,4/21/20 12:47 PM,2739
Individual: ez2272,20,1,4/21/20 12:51 PM,2740
Individual: jpp2149,20,1,4/21/20 12:55 PM,2745
NYPD 99th Precinct,20,2,4/21/20 12:59 PM,2746
BigXandSuslings,20,6,4/21/20 1:08 PM,2750
FriendsnBeds,20,6,4/21/20 1:17 PM,2751
Individual: ats2174,20,1,4/21/20 1:26 PM,2752
Individual: avc2130,20,1,4/21/20 1:30 PM,2754
Individual: wk2327,20,1,4/21/20 1:34 PM,2755
almondbutter,20,3,4/21/20 1:38 PM,2758
Individual: kt2716,20,1,4/21/20 1:47 PM,2759
Individual: mam2558,20,1,4/21/20 1:51 PM,2760
Individual: jl5593,20,1,4/21/20 1:55 PM,2767
Individual: een2110,20,1,4/21/20 1:59 PM,2769
Team Edward,20,4,4/21/20 2:03 PM,2770
Dr Meg,20,5,4/21/20 2:12 PM,2775
Individual: et2561,20,1,4/21/20 2:21 PM,2779
Individual: nat2143,20,1,4/21/20 2:25 PM,2781
Individual: daa2170,20,1,4/21/20 2:29 PM,2782
Individual: tac2191,20,1,4/21/20 2:33 PM,2783
Individual: geg2136,20,1,4/21/20 2:37 PM,2784
Individual: am5083,20,1,4/21/20 2:41 PM,2786
housing2020cm,20,2,4/21/20 2:45 PM,2790
8 ruggles ppl yay,20,8,4/21/20 2:54 PM,2792
Wheat_Yeeters_v2.0.jpe,,,,
g,20,6,4/21/20 3:03 PM,2793
Individual: mf3230,20,1,4/21/20 3:12 PM,2803
Individual: yl4093,20,1,4/21/20 3:16 PM,2804
Individual: hh2741,20,1,4/21/20 3:20 PM,2808
Individual: sy2826,20,1,4/21/20 3:24 PM,2817
Individual: mt3306,20,1,4/21/20 3:28 PM,2818
Individual: zm2315,20,1,4/21/20 3:32 PM,2823
Individual: kw2807,20,1,4/21/20 3:36 PM,2824
Individual: tnn2112,20,1,4/21/20 3:40 PM,2827
Individual: ew2630,20,1,4/21/20 3:44 PM,2832
Individual: rk2960,20,1,4/21/20 3:48 PM,2834
Lana and Leah,20,2,4/21/20 3:52 PM,2835
Individual: jc5109,20,1,4/21/20 4:01 PM,2836
loganlermanlovers48,20,2,4/21/20 4:05 PM,2839
Hannah,20,2,4/21/20 4:14 PM,2845
TJ Maxx,20,3,4/21/20 4:23 PM,2847
Individual: kjh2166,20,1,4/22/20 9:00 AM,2848
Clav House,20,4,4/22/20 9:04 AM,2850
Individual: es3690,20,1,4/22/20 9:13 AM,2851
Individual: caj2164,20,1,4/22/20 9:17 AM,2852
Individual: jjp2197,20,1,4/22/20 9:21 AM,2857
Individual: msb2225,20,1,4/22/20 9:25 AM,2859
Individual: aja2197,20,1,4/22/20 9:29 AM,2862
pamsuite,20,2,4/22/20 9:33 AM,2866
Individual: anr2142,20,1,4/22/20 9:42 AM,2868
Individual: ab4739,20,1,4/22/20 9:46 AM,2869
Christian and Nikita,20,2,4/22/20 9:50 AM,2872
CKRackers,20,3,4/22/20 9:59 AM,2873
Individual: aeg2223,20,1,4/22/20 10:08 AM,2874
PRLMSAKG,20,8,4/22/20 10:12 AM,2875
Individual: dmh2215,20,1,4/22/20 10:21 AM,2879
6amGang,20,7,4/22/20 10:25 AM,2883
Individual: kk3302,20,1,4/22/20 10:34 AM,2884
Individual: jg4056,20,1,4/22/20 10:38 AM,2885
az2022,20,2,4/22/20 10:42 AM,2888
CuHeaviesJuniors,20,8,4/22/20 10:51 AM,2890
Individual: mas2528,20,1,4/22/20 11:00 AM,2891
Individual: vmb2133,20,1,4/22/20 11:04 AM,2893
TAJEGANG,20,4,4/22/20 11:08 AM,2894
Individual: gmg2168,20,1,4/22/20 11:17 AM,2896
chicken butts,20,4,4/22/20 11:21 AM,2897
Individual: tal2151,20,1,4/22/20 11:30 AM,2899
Individual: rmr2193,20,1,4/22/20 11:34 AM,2900
tutou,20,3,4/22/20 11:38 AM,2901
Individual: cw3136,20,1,4/22/20 11:47 AM,2902
Tiramisu,20,2,4/22/20 11:51 AM,2903
Woodbridge2H,20,2,4/22/20 12:00 PM,2906
Individual: yc3254,20,1,4/22/20 12:09 PM,2908
Individual: dab2245,20,1,4/22/20 12:13 PM,2910
Individual: yc3568,20,1,4/22/20 12:17 PM,2911
~housing fam~,20,7,4/22/20 12:21 PM,2914
real housewives of mohi,20,4,4/22/20 12:30 PM,2915
Individual: ac4442,20,1,4/22/20 12:39 PM,2921
Individual: hg2502,20,1,4/22/20 12:43 PM,2922
Individual: td2635,20,1,4/22/20 12:47 PM,2924
Individual: hlg2131,20,1,4/22/20 12:51 PM,2925
Ez+Lo,20,2,4/22/20 12:55 PM,2927
Individual: mad2298,20,1,4/22/20 1:04 PM,2928
Aisha's Group,20,3,4/22/20 1:08 PM,2929
Lounge Culture,20,4,4/22/20 1:17 PM,2935
Individual: jk4247,20,1,4/22/20 1:26 PM,2936
Individual: mmk2227,20,1,4/22/20 1:30 PM,2938
JoshAndIsaac,20,6,4/22/20 1:34 PM,2939
Hoopers,20,5,4/22/20 1:43 PM,2940
Dominicanos,20,4,4/22/20 1:52 PM,2941
Individual: lap2208,20,1,4/22/20 2:01 PM,2948
BidenIsSenile,20,3,4/22/20 2:05 PM,2949
Individual: sg3661,20,1,4/22/20 2:14 PM,2952
Individual: ss5970,20,1,4/22/20 2:18 PM,2953
Maya and Elizabeth,20,2,4/22/20 2:22 PM,2954
Individual: sdz2109,20,1,4/22/20 2:31 PM,2956
Individual: ecs2220,20,1,4/22/20 2:35 PM,2958
Individual: mlw2173,20,1,4/22/20 2:39 PM,2959
ALALALALA,20,3,4/22/20 2:43 PM,2961
Hot Single Ladies,20,2,4/22/20 2:52 PM,2962
jajnaw,20,6,4/22/20 3:01 PM,2966
Individual: mf3231,20,1,4/22/20 3:10 PM,2967
Three Musketeers,20,3,4/22/20 3:14 PM,2969
Individual: ocf2103,20,1,4/22/20 3:23 PM,2970
Individual: gag2144,20,1,4/22/20 3:27 PM,2981
"Annling and Emily",17.5,4,4/23/20 9:00 AM,3082
2020Housing,16.6666,3,4/23/20 9:09 AM,3101
JanScar2020,15,2,4/23/20 9:18 AM,3292
Res Inc 3.0,14,5,4/23/20 9:27 AM,3365
Crescite,12.5,4,4/23/20 9:36 AM,3411
Hat Cats,12.5,8,4/23/20 9:45 AM,3434
Sherlock,12.5,8,4/23/20 9:54 AM,3456
sweet mates,12,5,4/23/20 10:03 AM,3511
Yavneh CC/SEAS 2023,12,5,4/23/20 10:12 AM,3564
531bruv,11.6666,6,4/23/20 10:21 AM,3648
psv2020,11.6666,6,4/23/20 10:30 AM,3700
hehe butt,11,10,4/23/20 10:39 AM,3710
Individual: grn2112,10,1,4/24/20 9:00 AM,4003
Individual: fpb2109,10,1,4/24/20 9:04 AM,4004
Sophomore Suite,10,8,4/24/20 9:08 AM,4005
Individual: rs4029,10,1,4/24/20 9:17 AM,4006
groupchat,10,8,4/24/20 9:21 AM,4007
FluffyPancakes,10,2,4/24/20 9:30 AM,4008
Putivale,10,6,4/24/20 9:39 AM,4010
Individual: laq2104,10,1,4/24/20 9:48 AM,4014
Individual: jp4010,10,1,4/24/20 9:52 AM,4018
BABES,10,4,4/24/20 9:56 AM,4019
Daddy Poodles,10,2,4/24/20 10:05 AM,4021
Group 4124,10,8,4/24/20 10:14 AM,4023
symposium123,10,9,4/24/20 10:23 AM,4024
Individual: srz2116,10,1,4/24/20 10:32 AM,4034
Individual: cja2163,10,1,4/24/20 10:36 AM,4035
Individual: ser2212,10,1,4/24/20 10:40 AM,4036
JJ8 Floor Bois,10,8,4/24/20 10:44 AM,4038
123-group,10,2,4/24/20 10:53 AM,4040
Individual: mjs2397,10,1,4/24/20 11:02 AM,4041
Individual: sjn2128,10,1,4/24/20 11:06 AM,4042
Si-Parlin,10,2,4/24/20 11:10 AM,4044
Newarking It Out,10,4,4/24/20 11:19 AM,4046
Individual: ieb2124,10,1,4/24/20 11:28 AM,4051
Individual: as5970,10,1,4/24/20 11:32 AM,4053
PokemonGurls,10,7,4/24/20 11:36 AM,4056
Atlas,10,9,4/24/20 11:45 AM,4057
Individual: tmg2157,10,1,4/24/20 11:54 AM,4068
Individual: new2127,10,1,4/24/20 11:58 AM,4070
Trap 2.0,10,10,4/24/20 12:02 PM,4075
Individual: lc3474,10,1,4/24/20 12:11 PM,4077
Individual: ng2702,10,1,4/24/20 12:15 PM,4090
Individual: eet2129,10,1,4/24/20 12:19 PM,4092
Individual: jjh2213,10,1,4/24/20 12:23 PM,4094
duorouputao,10,4,4/24/20 12:27 PM,4096
"Rachel Karina Ariana",10,3,4/24/20 12:36 PM,4098
TeamOSAS,10,4,4/24/20 12:45 PM,4104
Individual: rjf2157,10,1,4/24/20 12:54 PM,4106
Individual: ko2474,10,1,4/24/20 12:58 PM,4108
Spicy,10,5,4/24/20 1:02 PM,4110
Individual: ewm2143,10,1,4/24/20 1:11 PM,4112
Individual: tz2294,10,1,4/24/20 1:15 PM,4113
squad :),10,4,4/24/20 1:19 PM,4115
baguette,10,2,4/24/20 1:28 PM,4116
Individual: jaf2257,10,1,4/24/20 1:37 PM,4119
1103 ,10,6,4/24/20 1:41 PM,4120
June&Grace!!,10,2,4/24/20 1:50 PM,4122
trapsuite,10,8,4/24/20 1:59 PM,4123
Pablito,10,7,4/24/20 2:08 PM,4130
Cool Kids,10,6,4/24/20 2:17 PM,4132
Lion Housing LLC,10,4,4/24/20 2:26 PM,4133
Individual: sdh2156,10,1,4/24/20 2:35 PM,4134
Individual: jpg2178,10,1,4/24/20 2:39 PM,4138
Individual: aeo2147,10,1,4/24/20 2:43 PM,4142
Individual: sgf2129,10,1,4/24/20 2:47 PM,4143
Individual: aio2116,10,1,4/24/20 2:51 PM,4144
group format,10,2,4/24/20 2:55 PM,4147
Individual: cbc2162,10,1,4/24/20 3:04 PM,4156
PhilipAndrew,10,4,4/24/20 3:08 PM,4160
4001 :),10,6,4/24/20 3:17 PM,4162
Bertina and Sachiko,10,2,4/24/20 3:26 PM,4165
Individual: pfc2113,10,1,4/24/20 3:35 PM,4172
Individual: eah2219,10,1,4/24/20 3:39 PM,4175
borrach2020,10,5,4/24/20 3:43 PM,4178
Individual: lgl2123,10,1,4/24/20 3:52 PM,4179
Individual: mb4657,10,1,4/24/20 3:56 PM,4183
ChanLeeHousing,10,6,4/24/20 4:00 PM,4184
Individual: all2209,10,1,4/24/20 4:09 PM,4187
Individual: kyw2113,10,1,4/24/20 4:13 PM,4190
LaFamilia,10,6,4/24/20 4:17 PM,4191
Individual: ao2734,10,1,4/24/20 4:26 PM,4193
Individual: csm2210,10,1,4/27/20 9:00 AM,4194
Glasberg's Group,10,4,4/27/20 9:04 AM,4200
Individual: adm2216,10,1,4/27/20 9:13 AM,4210
Haris/Abby,10,2,4/27/20 9:17 AM,4213
Take the Long Way,,,,
Home,10,8,4/27/20 9:26 AM,4214
Suite Home,10,4,4/27/20 9:35 AM,4217
DMTINI,10,6,4/27/20 9:44 AM,4223
Individual: jhh2193,10,1,4/27/20 9:53 AM,4229
Daddy Housing,10,2,4/27/20 9:57 AM,4232
Sus-in-nuss,10,8,4/27/20 10:06 AM,4234
Individual: lln2115,10,1,4/27/20 10:15 AM,4244
Individual: rh2928,10,1,4/27/20 10:19 AM,4245
Individual: jc5331,10,1,4/27/20 10:23 AM,4247
COOPFriendCrush,10,2,4/27/20 10:27 AM,4248
"Ashley Sybil Claire",10,3,4/27/20 10:36 AM,4253
Individual: rgj2111,10,1,4/27/20 10:45 AM,4259
Amena and Caroline,10,2,4/27/20 10:49 AM,4262
Individual: mag2352,10,1,4/27/20 10:58 AM,4264
LandA,10,2,4/27/20 11:02 AM,4265
"Max Tommy Lui Matt",10,4,4/27/20 11:11 AM,4266
housing,10,7,4/27/20 11:20 AM,4267
Individual: nrb2141,10,1,4/27/20 11:29 AM,4273
Individual: sjm2254,10,1,4/27/20 11:33 AM,4277
Individual: cmc2356,10,1,4/27/20 11:37 AM,4278
Habibis,10,6,4/27/20 11:41 AM,4279
Diversity Sweet xd,10,4,4/27/20 11:50 AM,4282
Geezers,10,10,4/27/20 11:59 AM,4283
gleeks and geeks,10,8,4/27/20 12:08 PM,4286
Ddukbokki,10,6,4/27/20 12:17 PM,4293
Individual: gdt2106,10,1,4/27/20 12:26 PM,4294
Individual: cmw2232,10,1,4/27/20 12:30 PM,4296
JoSh GaZo,10,4,4/27/20 12:34 PM,4297
Individual: edm2158,10,1,4/27/20 12:43 PM,4300
Legumes,10,5,4/27/20 12:47 PM,4302
Heyyy,10,3,4/27/20 12:56 PM,4303
Individual: ggp2119,10,1,4/27/20 1:05 PM,4304
[4rDS],10,9,4/27/20 1:09 PM,4305
Individual: js5582,10,1,4/27/20 1:18 PM,4307
Individual: dms2304,10,1,4/27/20 1:22 PM,4309
Individual: cjn2125,10,1,4/27/20 1:26 PM,4311
CU Housing,10,9,4/27/20 1:30 PM,4327
The Geezers,10,2,4/27/20 1:39 PM,4332
sarah and the sosters,10,6,4/27/20 1:48 PM,4334
homies,10,9,4/27/20 1:57 PM,4336
Swimmers,10,6,4/27/20 2:06 PM,4346
MASTERSIMP,10,2,4/27/20 2:15 PM,4350
silnicole,10,2,4/27/20 2:24 PM,4353
Llamas,10,4,4/27/20 2:33 PM,4357
Individual: ead2199,10,1,4/27/20 2:42 PM,4364
Individual: smh2278,10,1,4/27/20 2:46 PM,4365
hello nico!!,10,2,4/27/20 2:50 PM,4369
Individual: ag4219,10,1,4/27/20 2:59 PM,4377
Individual: lc3473,10,1,4/27/20 3:03 PM,4378
Individual: eus2105,10,1,4/27/20 3:07 PM,4383
SADJ!,10,2,4/27/20 3:11 PM,4384
Lou and Gregoire,10,2,4/27/20 3:20 PM,4387
Individual: lab2275,10,1,4/27/20 3:29 PM,4389
Justine's angelic devils,10,4,4/27/20 3:33 PM,4390
SeanJamesMattKuang,10,4,4/27/20 3:42 PM,4391
EDIEEM,10,2,4/27/20 3:51 PM,4392
Individual: laa2186,10,1,4/27/20 4:00 PM,4393
GRaViTy,10,4,4/27/20 4:04 PM,4396
Buncha SEAS Prudes +,,,,
2 CC,10,6,4/27/20 4:13 PM,4397
CUFrosh,10,8,4/27/20 4:22 PM,4399
Individual: sz2882,10,1,4/28/20 9:00 AM,4401
The Triumvirate,10,6,4/28/20 9:04 AM,4402
Individual: mas2545,10,1,4/28/20 9:13 AM,4405
LSDEE,10,4,4/28/20 9:17 AM,4409
furnald or bust,10,8,4/28/20 9:26 AM,4415
Singles Not Ready to,,,,
Mingle,10,5,4/28/20 9:35 AM,4419
Individual: bjs2228,10,1,4/28/20 9:44 AM,4424
Individual: njl2141,10,1,4/28/20 9:48 AM,4425
Individual: mie2114,10,1,4/28/20 9:52 AM,4429
Sierra and Elsa,10,2,4/28/20 9:56 AM,4430
the swederlands,10,2,4/28/20 10:05 AM,4431
Ohana,10,6,4/28/20 10:14 AM,4432
714 Continued,10,4,4/28/20 10:23 AM,4433
Helena's Bedtime,10,6,4/28/20 10:32 AM,4434
Individual: ee2475,10,1,4/28/20 10:41 AM,4441
912B,10,4,4/28/20 10:45 AM,4449
Individual: sdm2182,10,1,4/28/20 10:54 AM,4451
Casa de la Dilla,10,6,4/28/20 10:58 AM,4452
floorteen,10,10,4/28/20 11:07 AM,4462
Columbia Fencing,,,,
Sophomores,10,5,4/28/20 11:16 AM,4466
margotzoe,10,2,4/28/20 11:25 AM,4467
Housing Hoes,10,4,4/28/20 11:34 AM,4468
EliOli,10,2,4/28/20 11:43 AM,4469
Individual: jmg2354,10,1,4/28/20 11:52 AM,4471
Individual: mga2145,10,1,4/28/20 11:56 AM,4472
Individual: jsh2233,10,1,4/28/20 12:00 PM,4476
Ellie and Erica,10,2,4/28/20 12:04 PM,4478
Dutch Blitz,10,3,4/28/20 12:13 PM,4491
Individual: klg2168,10,1,4/28/20 12:22 PM,4494
Individual: aj2927,10,1,4/28/20 12:26 PM,4498
Fishes,10,4,4/28/20 12:30 PM,4499
Individual: hc3150,10,1,4/28/20 12:39 PM,4500
blowouts,10,4,4/28/20 12:43 PM,4506
Individual: ja3415,10,1,4/28/20 12:52 PM,4507
Individual: el3030,10,1,4/28/20 12:56 PM,4513
Individual: sdh2155,10,1,4/28/20 1:00 PM,4516
Michelle and Caitlin,10,2,4/28/20 1:04 PM,4517
M&M's,10,8,4/28/20 1:13 PM,4521
Individual: jph2188,10,1,4/28/20 1:22 PM,4528
Individual: ma4004,10,1,4/28/20 1:26 PM,4532
Individual: sbl2145,10,1,4/28/20 1:30 PM,4538
Individual: mcj2143,10,1,4/28/20 1:34 PM,4548
Individual: cke2110,10,1,4/28/20 1:38 PM,4553
Individual: rgs2147,10,1,4/28/20 1:42 PM,4555
The guys,10,3,4/28/20 1:46 PM,4556
Individual: jbg2162,10,1,4/28/20 1:55 PM,4559
Individual: ek3088,10,1,4/28/20 1:59 PM,4560
Individual: jmg2353,10,1,4/28/20 2:03 PM,4561
Choom Gang,10,2,4/28/20 2:07 PM,4563
Individual: anm2194,10,1,4/28/20 2:16 PM,4564
Individual: ljg2166,10,1,4/28/20 2:20 PM,4565
Individual: mec2293,10,1,4/28/20 2:24 PM,4574
Swish,10,10,4/28/20 2:28 PM,4577
MRW&SBC,10,2,4/28/20 2:37 PM,4582
HarvardRejects,10,6,4/28/20 2:46 PM,4603
sophomore sanity (no,,,,
hope),10,2,4/28/20 2:55 PM,4606
Individual: fah2118,10,1,4/28/20 3:04 PM,4608
Practice,10,4,4/28/20 3:08 PM,4609
Casa Latina 2.0,10,6,4/28/20 3:17 PM,4611
Individual: aal2177,10,1,4/28/20 3:26 PM,4618
Chi Phi Chi,10,5,4/28/20 3:30 PM,4621
Individual: beb2167,10,1,4/28/20 3:39 PM,4623
Individual: ekf2128,10,1,4/28/20 3:43 PM,4625
Individual: jge2109,10,1,4/28/20 3:47 PM,4626
ChiantiClassico,10,7,4/28/20 3:51 PM,4627
MIEW4,10,4,4/28/20 4:00 PM,4628
Individual: tco2106,10,1,4/28/20 4:09 PM,4634
Individual: mb4659,10,1,4/28/20 4:13 PM,4635
Individual: nwa2107,10,1,4/28/20 4:17 PM,4639
SFGALH,10,6,4/28/20 4:21 PM,4640
BEBs and SEGs,10,4,4/29/20 9:00 AM,4643
suitegreens,10,9,4/29/20 9:09 AM,4645
Individual: tlg2141,10,1,4/29/20 9:18 AM,4648
kwakhan,10,2,4/29/20 9:22 AM,4651
JJ5.2,10,2,4/29/20 9:31 AM,4653
Individual: tat2149,10,1,4/29/20 9:40 AM,4657
Individual: pak2145,10,1,4/29/20 9:44 AM,4664
Individual: WITHHELD,10,1,4/29/20 9:48 AM,4665
Individual: jsw2193,10,1,4/29/20 9:52 AM,4670
ThreeHandMusketeer,10,3,4/29/20 9:56 AM,4679
#JHND,10,4,4/29/20 10:05 AM,4680
Stephen's Angels,10,2,4/29/20 10:14 AM,4685
OG Applesauce,10,6,4/29/20 10:23 AM,4693
Nathan and Casey,10,2,4/29/20 10:32 AM,4696
Atlanta,10,4,4/29/20 10:41 AM,4697
Individual: ns3424,10,1,4/29/20 10:50 AM,4699
Chims Seeds,10,8,4/29/20 10:54 AM,4704
group 1,10,8,4/29/20 11:03 AM,4705
Individual: ss5946,10,1,4/29/20 11:12 AM,4706
futon council,10,3,4/29/20 11:16 AM,4707
Nicki&Stas,10,2,4/29/20 11:25 AM,4708
kate squared housing,,,,
group,10,10,4/29/20 11:34 AM,4712
Individual: cl3944,10,1,4/29/20 11:43 AM,4721
furn 2 and friends!,10,4,4/29/20 11:47 AM,4722
Ferris Biscuit,10,8,4/29/20 11:56 AM,4725
Individual: yl4389,10,1,4/29/20 12:05 PM,4728
614 and friends,10,8,4/29/20 12:09 PM,4729
,10,8,4/29/20 12:18 PM,4732
i want a wheel of brie,10,2,4/29/20 12:27 PM,4733
graisy,10,3,4/29/20 12:36 PM,4734
Doja Cat,10,10,4/29/20 12:45 PM,4738
Individual: sc4644,10,1,4/29/20 12:54 PM,4742
Individual: jcw2220,10,1,4/29/20 12:58 PM,4744
Individual: rcf2134,10,1,4/29/20 1:02 PM,4748
Individual: ll3099,10,1,4/29/20 1:06 PM,4749
InfernoLvl100,10,7,4/29/20 1:10 PM,4752
Individual: jdg2209,10,1,4/29/20 1:19 PM,4754
Individual: apm2196,10,1,4/29/20 1:23 PM,4755
GH Sisters,10,4,4/29/20 1:27 PM,4758
SteveNash,10,2,4/29/20 1:36 PM,4759
Individual: aew2203,10,1,4/29/20 1:45 PM,4760
Noah and Jeffrey,10,2,4/29/20 1:49 PM,4764
Individual: esb2185,10,1,4/29/20 1:58 PM,4768
ME ACTIVE,10,5,4/29/20 2:02 PM,4770
Individual: mak2298,10,1,4/29/20 2:11 PM,4772
Individual: jp4013,10,1,4/29/20 2:15 PM,4773
707LIVESON,10,6,4/29/20 2:19 PM,4776
Individual: rdr2139,10,1,4/29/20 2:28 PM,4781
Individual: km3533,10,1,4/29/20 2:32 PM,4782
narjes and alexa,10,2,4/29/20 2:36 PM,4787
Individual: njd2135,10,1,4/29/20 2:45 PM,4788
suite life of nuss,10,6,4/29/20 2:49 PM,4789
Kat and Soph,10,2,4/29/20 2:58 PM,4792
Individual: dz2428,10,1,4/29/20 3:07 PM,4796
fall2021abcd,10,2,4/29/20 3:11 PM,4797
Individual: jp4011,10,1,4/29/20 3:20 PM,4801
Individual: dfc2126,10,1,4/29/20 3:24 PM,4807
Individual: jls2365,10,1,4/29/20 3:28 PM,4811
Ultimate Frisbee,10,7,4/29/20 3:32 PM,4814
Individual: emy2112,10,1,4/29/20 3:41 PM,4815
nerdalicious,10,4,4/29/20 3:45 PM,4818
Individual: crb2212,10,1,4/29/20 3:54 PM,4821
Just Another Group,10,7,4/29/20 3:58 PM,4824
litato chipz,10,8,4/29/20 4:07 PM,4825
Individual: msm2266,10,1,4/29/20 4:16 PM,4839
Individual: hh2838,10,1,4/29/20 4:20 PM,4840
Crew and Couch,,,,
Potatoes,10,7,4/30/20 9:00 AM,4843
James but with Meme,,,,
Team,10,4,4/30/20 9:09 AM,4844
Individual: gen2109,10,1,4/30/20 9:18 AM,4845
The 'mates,10,6,4/30/20 9:22 AM,4850
Individual: lpd2124,10,1,4/30/20 9:31 AM,4851
Poggers,10,7,4/30/20 9:35 AM,4852
YasminEzgi,10,7,4/30/20 9:44 AM,4855
Kales & Olivia,10,4,4/30/20 9:53 AM,4860
Nussforus,10,6,4/30/20 10:02 AM,4863
imtall,10,2,4/30/20 10:11 AM,4882
pinotnoir545,10,4,4/30/20 10:20 AM,4889
Hot Juan,10,4,4/30/20 10:29 AM,4893
heckcolumbiahousing,10,2,4/30/20 10:38 AM,4896
Suite Life 2,10,7,4/30/20 10:47 AM,4898
Individual: pgl2110,10,1,4/30/20 10:56 AM,4903
Individual: kcn2114,10,1,4/30/20 11:00 AM,4904
alqaim&grayson,10,2,4/30/20 11:04 AM,4912
The Orange Sloths,10,6,4/30/20 11:13 AM,4914
Individual: jm5009,10,1,4/30/20 11:22 AM,4916
Sexy Alma Maters,10,8,4/30/20 11:26 AM,4917
Jj7swim,10,6,4/30/20 11:35 AM,4919
Individual: aso2125,10,1,4/30/20 11:44 AM,4930
Individual: tgs2120,10,1,4/30/20 11:48 AM,4931
Individual: ry2387,10,1,4/30/20 11:52 AM,4933
Annie & Tia,10,2,4/30/20 11:56 AM,4936
Individual: al4008,10,1,4/30/20 12:05 PM,4938
Individual: mee2159,10,1,4/30/20 12:09 PM,4939
DEBBIE,10,9,4/30/20 12:13 PM,4940
Individual: mr3986,10,1,4/30/20 12:22 PM,4944
Multnomah,10,2,4/30/20 12:26 PM,4947
Individual: mlb2278,10,1,4/30/20 12:35 PM,4949
Individual: png2109,10,1,4/30/20 12:39 PM,4950
Giordana and Brenna,10,2,4/30/20 12:43 PM,4951
Individual: ccm2183,10,1,4/30/20 12:52 PM,4953
WienHousing,10,8,4/30/20 12:56 PM,4954
Individual: kmc2291,10,1,4/30/20 1:05 PM,4955
SopHousing,10,4,4/30/20 1:09 PM,4959
Individual: zaw2111,10,1,4/30/20 1:18 PM,4962
212GroupNumber1,10,6,4/30/20 1:22 PM,4966
Maverick,10,5,4/30/20 1:31 PM,4969
Individual: wjm2139,10,1,4/30/20 1:40 PM,4970
Pinkhoodie,10,3,4/30/20 1:44 PM,4973
Individual: mt3407,10,1,4/30/20 1:53 PM,4976
zavems,10,6,4/30/20 1:57 PM,4977
Power Puff Girls,10,6,4/30/20 2:06 PM,4978
Individual: hy2638,10,1,4/30/20 2:15 PM,4979